{
    "loss": 0.41072899103164673,
    "accuracy": 0.8965517282485962
}